Reviewer_Score,review,Reviewer_Nationality
9,"The hotel staff was very friendly and accommodating. The room was clean and comfortable. I would definitely stay here again.",United States
7,"Overall, it was a decent experience. The room was a bit small, but clean. The location was convenient, and the staff was helpful.",Canada
6,"The service at this hotel was average. The room was not as clean as I expected, and the beds were uncomfortable. The breakfast was decent though.",Australia
8,"I had a great stay at this hotel. The room was spacious and well-maintained. The staff was friendly and attentive. Highly recommended.",United Kingdom
5,"I was disappointed with my stay at this hotel. The room was dirty and had a strange smell. The staff was not helpful either. Would not stay here again.",India
9,"Excellent hotel with a beautiful view. The room was clean and comfortable. The staff went above and beyond to make our stay enjoyable.",United States
8,"The hotel was amazing! The staff was friendly and the rooms were clean and comfortable.",United States
7,"I had a pleasant stay at this hotel. The location was convenient and the service was good.",United Kingdom
9,"I highly recommend this hotel. The amenities were excellent and the staff went above and beyond to make our stay enjoyable.",Canada
6,"The room was a bit small for my liking, but overall it was a decent hotel. The breakfast buffet was delicious.",Australia
10,"This hotel exceeded my expectations. The room was spacious and luxurious, and the view from the balcony was breathtaking.",Germany
2,"The hotel was terrible. The rooms were dirty and the staff was rude. I would never stay here again.",United States
1,"I had a horrible experience at this restaurant. The food was cold and tasteless. The service was incredibly slow and the staff was unprofessional.",Canada
3,"I booked a tour with this company and it was a complete disappointment. The guide was unenthusiastic and did not provide any interesting information. I would not recommend them.",United Kingdom
2,"I stayed at this hotel and it was a nightmare. The room was tiny and uncomfortable. The noise from the street kept me up all night. Avoid this place!",Australia
1,"This product is a total waste of money. It broke after just a few uses and the customer service was unhelpful. I regret buying it.",Germany
4,"I had high hopes for this movie, but it turned out to be a huge disappointment. The plot was weak and the acting was mediocre. I do not recommend watching it.",France
2,"I had a terrible experience with this airline. The flight was delayed for hours and the staff was unapologetic. I will never fly with them again.",United States
1,"The customer support for this company is terrible. They are unresponsive and unwilling to help. I am extremely frustrated with their service.",Canada
3,"I had a bad experience at this spa. The massage was mediocre and the facilities were not well-maintained. I expected better for the price.",United Kingdom
2,"I ordered a product online and it arrived damaged. The packaging was not secure and the item was broken. I am very disappointed.",Australia
9,"The hotel exceeded my expectations. The staff was friendly and attentive. The room was clean and comfortable. I would definitely stay here again.",United States
8,"I had a great experience at this hotel. The location was convenient and the room was spacious. The staff was helpful and the amenities were excellent.",United Kingdom
10,"I highly recommend this hotel. The service was impeccable and the room was luxurious. The view from the balcony was breathtaking. I can't wait to come back!",Canada
7,"I enjoyed my stay at this hotel. The staff was polite and the room was clean. The breakfast buffet had a good variety of options. Overall, a pleasant experience.",Australia
9,"This hotel is a hidden gem. The atmosphere is cozy and the decor is stylish. The staff went above and beyond to make me feel welcome. I would stay here again in a heartbeat.",Germany
8,"I had a wonderful time at this hotel. The location was perfect and the room was comfortable. The staff was friendly and accommodating. I would definitely recommend it.",France
10,"I can't say enough good things about this hotel. The service was outstanding and the amenities were top-notch. The room was spacious and beautifully decorated. A truly unforgettable experience.",United States
9,"I was impressed by this hotel. The room was clean and modern, and the staff was attentive and friendly. The location was convenient, with easy access to public transportation.",United Kingdom
8,"I had a fantastic stay at this hotel. The room was elegant and the bed was comfortable. The staff was professional and always ready to assist. I would definitely stay here again.",Australia
10,"This hotel exceeded all my expectations. The attention to detail was remarkable. The staff went above and beyond to make my stay enjoyable. I can't wait to return.",Canada
10,"This hotel exceeded all my expectations! The staff was incredibly friendly and attentive, the rooms were spacious and beautifully decorated, and the location was perfect. I had an amazing time and would highly recommend it to anyone.",United States
9,"I can't say enough good things about this restaurant. The food was absolutely delicious, the service was top-notch, and the atmosphere was cozy and inviting. It's definitely a hidden gem in the city.",Canada
10,"I had the most incredible vacation at this resort. The views were breathtaking, the amenities were luxurious, and the staff went above and beyond to make sure I had a memorable stay. I can't wait to come back!",Australia
8,"The customer service at this store is outstanding. The staff is friendly, knowledgeable, and always willing to go the extra mile to help. I had a great shopping experience and will definitely be a repeat customer.",United Kingdom
9,"I recently stayed at this bed and breakfast and it was a dream come true. The room was beautifully decorated, the breakfast was delicious, and the owners were so welcoming and friendly. I can't wait to visit again!",United States
10,"I absolutely loved my experience at this spa. The treatments were heavenly, the facilities were clean and relaxing, and the staff made me feel like royalty. It was the perfect pampering session.",Germany
9,"The tour guide was fantastic and made the entire experience so enjoyable. Their knowledge of the area and enthusiasm for the history and culture really shone through. I would highly recommend this tour.",France
10,"I had the pleasure of dining at this restaurant and it was a culinary delight. The flavors were exquisite, the presentation was beautiful, and the service was impeccable. It's a must-visit for food enthusiasts.",United States
8,"I had an amazing time at this concert. The band put on an incredible performance and the atmosphere was electric. It was truly a night to remember.",Canada
9,"This hotel has everything you could ask for and more. The rooms are spacious and comfortable, the amenities are top-notch, and the location is unbeatable. I would give it 10 stars if I could.",United Kingdom


